site,step,function,shape,trace_class,trace_context,decision,static_class,confidence,owners,status,reason,window,stub,width,flags,kind
13A93D,13A938,13A930,counter,clock,30,patch,clock,strong,,selected,arithmetic flags overwritten before use,13A938,400,1,0,1
14635C,14635C,146340,counter,unseen,,patch-static,clock,strong,cOptionCalibration,selected,"calibration +94 elapsed counter, reset after 300 ticks; arithmetic flags overwritten before use",14635C,450,4,0,0
146A3A,146A3A,1468F0,counter,unseen,,patch-static,clock,strong,cOptionCalibration,selected,"calibration +94 elapsed counter, threshold/reset state machine; arithmetic flags overwritten before use",146A3A,4A0,4,0,0
146A7D,146A7D,1468F0,counter,unseen,,patch-static,clock,strong,cOptionCalibration,selected,"calibration +94 elapsed counter, threshold/reset state machine; arithmetic flags overwritten before use",146A7D,4F0,4,0,0
146B94,146B94,1468F0,counter,unseen,,patch-static,clock,strong,cOptionCalibration,selected,"calibration +94 elapsed counter, threshold/reset state machine; arithmetic flags overwritten before use",146B94,540,4,0,0
146CFC,146CFC,146C00,counter,unseen,,patch-static,clock,strong,cOptionCalibration,selected,"calibration +94 elapsed counter, threshold/reset state machine; arithmetic flags overwritten before use",146CFC,590,4,0,0
146E63,146E63,146C00,counter,unseen,,patch-static,clock,strong,cOptionCalibration,selected,"calibration +94 elapsed counter, threshold/reset state machine; arithmetic flags overwritten before use",146E63,5E0,4,0,0
147776,14776D,147570,int-step,unseen,,patch-static,clock,strong,cOptionCalibration,refused,static-only clock needs semantic review,,,,,
147D17,147D17,147B40,counter,unseen,,patch-static,clock,strong,cOptionControllerSelect,selected,"controller selection +8C timeout, limit 480 ticks; arithmetic flags overwritten before use",147D17,630,4,0,0
147FFF,147FFF,147FF0,counter,unseen,,patch-static,clock,strong,cOptionControllerSelect cOptionPairing,refused,static-only clock needs semantic review,,,,,
1487ED,1487EA,1487D0,counter,unseen,,patch-static,clock,strong,cOptionControllerSetting,selected,"controller setting +90 guarded countdown, zero means finished; countdown not finished: 1487F3 jne",1487E8,680,4,1,1
1489C7,1489BE,1487D0,counter,unseen,,exclude,state,strong,cOptionControllerSetting,refused,classification decision exclude,,,,,
1489DB,1489DB,1487D0,counter,untraced,,exclude,state,strong,cOptionControllerSetting,refused,classification decision exclude,,,,,
1493E6,1493E6,1492B0,counter,unseen,,patch-static,clock,strong,cOptionHelp,refused,static-only clock needs semantic review,,,,,
149411,149411,1492B0,counter,unseen,,patch-static,clock,strong,cOptionHelp,refused,static-only clock needs semantic review,,,,,
149941,149941,149770,counter,unseen,,patch-static,clock,strong,cOptionPairing,selected,controller pairing +8C timeout against configured tick limit; arithmetic flags overwritten before use,149941,6E0,4,0,0
14B3A4,14B3A2,14B2A0,counter,unseen,,patch-static,clock,strong,cOptionScreenSetting,refused,static-only clock needs semantic review,,,,,
14B447,14B445,14B2A0,counter,unseen,,patch-static,clock,strong,cOptionScreenSetting,refused,static-only clock needs semantic review,,,,,
14C3FC,14C3F3,14C220,counter,unseen,,exclude,state,strong,cOptionScreenSetting,refused,classification decision exclude,,,,,
14C410,14C410,14C220,counter,untraced,,exclude,state,strong,cOptionScreenSetting,refused,classification decision exclude,,,,,
14C46C,14C46A,14C450,counter,unseen,,patch-static,clock,strong,cOptionScreenSetting,refused,static-only clock needs semantic review,,,,,
14C687,14C677,14C620,counter,unseen,,patch-static,clock,strong,cOptionScreenSetting,refused,static-only clock needs semantic review,,,,,
153DAD,153DAD,153AC0,counter,unseen,,patch-static,clock,strong,cOptionControllerSettingPC,refused,static-only clock needs semantic review,,,,,
153E2A,153E2A,153AC0,counter,unseen,,patch-static,clock,strong,cOptionControllerSettingPC,refused,static-only clock needs semantic review,,,,,
153F8B,153F8B,153F30,counter,unseen,,exclude,state,medium,cOptionControllerSettingPC,refused,classification decision exclude,,,,,
15404B,15404B,153F30,counter,unseen,,exclude,state,medium,cOptionControllerSettingPC,refused,classification decision exclude,,,,,
1541BB,1541BB,154160,counter,unseen,,exclude,state,medium,cOptionControllerSettingPC,refused,classification decision exclude,,,,,
15427B,15427B,154160,counter,unseen,,exclude,state,medium,cOptionControllerSettingPC,refused,classification decision exclude,,,,,
154BA8,154B9F,1549C0,counter,event,60,exclude,state,strong,cOptionControllerSettingPC,refused,classification decision exclude,,,,,
154BC0,154BC0,1549C0,counter,static,60,exclude,state,strong,cOptionControllerSettingPC,refused,classification decision exclude,,,,,
155F55,155F55,155C10,counter,unseen,,patch-static,clock,strong,cOptionKeyAssign,refused,static-only clock needs semantic review,,,,,
155FCE,155FCE,155C10,counter,unseen,,patch-static,clock,strong,cOptionKeyAssign,refused,static-only clock needs semantic review,,,,,
1560BD,1560BD,155C10,counter,unseen,,patch-static,clock,strong,cOptionKeyAssign,refused,static-only clock needs semantic review,,,,,
156182,156182,155C10,counter,unseen,,patch-static,clock,strong,cOptionKeyAssign,refused,static-only clock needs semantic review,,,,,
156852,156852,1562B0,counter,unseen,,exclude,state,strong,cOptionKeyAssign,refused,classification decision exclude,,,,,
156860,156860,1562B0,counter,unseen,,exclude,state,strong,cOptionKeyAssign,refused,classification decision exclude,,,,,
15690E,15690E,1562B0,counter,unseen,,exclude,state,strong,cOptionKeyAssign,refused,classification decision exclude,,,,,
156951,156951,1562B0,counter,unseen,,exclude,state,strong,cOptionKeyAssign,refused,classification decision exclude,,,,,
156BA6,156BA6,1562B0,counter,unseen,,patch-static,clock,strong,cOptionKeyAssign,refused,static-only clock needs semantic review,,,,,
156C66,156C66,1562B0,counter,unseen,,patch-static,clock,strong,cOptionKeyAssign,refused,static-only clock needs semantic review,,,,,
158C48,158C48,158970,counter,unseen,,patch-static,clock,strong,cOptionRespectModeSetting,refused,static-only clock needs semantic review,,,,,
158CC5,158CC5,158970,counter,unseen,,patch-static,clock,strong,cOptionRespectModeSetting,refused,static-only clock needs semantic review,,,,,
159675,15966C,1594C0,counter,event,60,exclude,state,strong,cOptionRespectModeSetting,refused,classification decision exclude,,,,,
159689,159689,1594C0,counter,event,60,exclude,state,strong,cOptionRespectModeSetting,refused,classification decision exclude,,,,,
15A67E,15A67E,15A620,counter,unseen,,exclude,state,strong,cOptionScreenSettingPC,refused,classification decision exclude,,,,,
15A789,15A789,15A620,counter,unseen,,exclude,state,strong,cOptionScreenSettingPC,refused,classification decision exclude,,,,,
15AB68,15AB68,15A890,counter,unseen,,patch-static,clock,strong,cOptionScreenSettingPC,refused,static-only clock needs semantic review,,,,,
15ABE5,15ABE5,15A890,counter,unseen,,patch-static,clock,strong,cOptionScreenSettingPC,refused,static-only clock needs semantic review,,,,,
15BDA8,15BD9F,15BBB0,counter,event,60,exclude,state,strong,cOptionScreenSettingPC,refused,classification decision exclude,,,,,
15BDBC,15BDBC,15BBB0,counter,static,60,exclude,state,strong,cOptionScreenSettingPC,refused,classification decision exclude,,,,,
15D8D8,15D8D8,15D600,counter,unseen,,patch-static,clock,strong,cOptionSoundSetting,refused,static-only clock needs semantic review,,,,,
15D955,15D955,15D600,counter,unseen,,patch-static,clock,strong,cOptionSoundSetting,refused,static-only clock needs semantic review,,,,,
15E124,15E11B,15DF60,counter,unseen,,exclude,state,strong,cOptionSoundSetting,refused,classification decision exclude,,,,,
15E138,15E138,15DF60,counter,unseen,,exclude,state,strong,cOptionSoundSetting,refused,classification decision exclude,,,,,
1BE95F,1BE95D,1BE750,counter,unseen,,patch-static,clock,strong,cMcLoad cMcSave,refused,static-only clock needs semantic review,,,,,
1BE967,1BE967,1BE750,counter,unseen,,patch-static,clock,strong,cMcLoad cMcSave,refused,static-only clock needs semantic review,,,,,
1BEA4D,1BEA4B,1BE750,counter,unseen,,patch-static,clock,strong,cMcLoad cMcSave,refused,static-only clock needs semantic review,,,,,
1BEA55,1BEA55,1BE750,counter,unseen,,patch-static,clock,strong,cMcLoad cMcSave,refused,static-only clock needs semantic review,,,,,
1BEC4F,1BEC4F,1BEB90,counter,clock,60,patch,clock,strong,cMcLoad cMcSave,selected,arithmetic flags overwritten before use,1BEC4F,730,4,0,0
1BF1F2,1BF1F2,1BF1D0,counter,unseen,,review,unknown,,cMcLoad cMcSave,refused,classification decision review,,,,,
1BF4B0,1BF4B0,1BF490,counter,unseen,,review,unknown,,cMcLoad cMcSave,refused,classification decision review,,,,,
1C1FD0,1C1FD0,1C1FB0,counter,event,60,exclude,unknown,,cMcLoad,refused,classification decision exclude,,,,,
1C3887,1C3887,1C3870,counter,event,60,exclude,pointer,strong,cMcSave,refused,classification decision exclude,,,,,
1C44C0,1C44C0,1C44A0,counter,clock,60,patch,unknown,,cMcSave,selected,arithmetic flags overwritten before use,1C44C0,780,4,0,0
1C5001,1C4FFF,1C4FA0,counter,gated-clock,60,patch,clock,strong,cMcAction,selected,arithmetic flags overwritten before use,1C4FFB,7D0,4,0,1
20DC63,20DC63,20DB80,counter,unseen,,review,clock,weak,,refused,classification decision review,,,,,
3ECA47,3ECA45,3EC840,counter,clock,30,patch,clock,strong,,refused,old counting register not proven to load the same field,,,,,
3F0FD8,3F0FD8,3F0F90,counter,event,30,exclude,state,strong,,refused,classification decision exclude,,,,,
3F1143,3F1143,3F1030,counter,event,30,exclude,unknown,,,refused,classification decision exclude,,,,,
3F1374,3F1374,3F12C0,counter,event,30,exclude,unknown,,,refused,classification decision exclude,,,,,
3F13E5,3F13E5,3F1390,counter,event,30,exclude,unknown,,,refused,classification decision exclude,,,,,
3F14C4,3F14C4,3F13F0,counter,event,30,exclude,unknown,,,refused,classification decision exclude,,,,,
3F3B19,3F3B17,3F3A10,counter,unseen,,patch-static,clock,strong,,refused,static-only clock needs semantic review,,,,,
3F66A5,3F66A2,3F6660,counter,clock,30,patch,clock,strong,cCockBase,refused,old counting register not proven to load the same field,,,,,
3F66C0,3F66BD,3F6660,counter,clock,30,patch,clock,strong,cCockBase,refused,old counting register not proven to load the same field,,,,,
3F6AA1,3F6AA1,3F69F0,int-expr,event,30,exclude,unknown,,cCockBattleResult,refused,classification decision exclude,,,,,
3F6B62,3F6B62,3F69F0,int-expr,unseen,,review,unknown,,cCockBattleResult,refused,classification decision review,,,,,
3F7544,3F7544,3F7480,counter,clock,30,patch,clock,strong,cCockBattleResult,selected,arithmetic flags overwritten before use,3F7544,830,4,0,0
3F77ED,3F77ED,3F7610,counter,unseen,,exclude,state,strong,cCockBattleResult,refused,classification decision exclude,,,,,
3F7BC1,3F7BC1,3F7610,int-step,unseen,,exclude,state,strong,cCockBattleResult,refused,classification decision exclude,,,,,
3F8589,3F8583,3F7610,counter,unseen,,exclude,state,strong,cCockBattleResult,refused,classification decision exclude,,,,,
3F877A,3F877A,3F8740,counter,unseen,,patch-static,clock,strong,cCockBattleResult,refused,static-only clock needs semantic review,,,,,
3F87C8,3F87C8,3F8740,counter,unseen,,exclude,state,strong,cCockBattleResult,refused,classification decision exclude,,,,,
3F896C,3F896C,3F8740,counter,unseen,,patch-static,clock,strong,cCockBattleResult,refused,static-only clock needs semantic review,,,,,
3F8A73,3F8A73,3F8740,counter,unseen,,exclude,state,strong,cCockBattleResult,refused,classification decision exclude,,,,,
3F8AE4,3F8AE4,3F8740,counter,unseen,,exclude,state,strong,cCockBattleResult,refused,classification decision exclude,,,,,
3F8B58,3F8B58,3F8740,counter,unseen,,exclude,state,strong,cCockBattleResult,refused,classification decision exclude,,,,,
3F8BCC,3F8BCC,3F8740,counter,unseen,,exclude,state,strong,cCockBattleResult,refused,classification decision exclude,,,,,
3F8C3C,3F8C3C,3F8740,counter,unseen,,exclude,state,strong,cCockBattleResult,refused,classification decision exclude,,,,,
3F8CBF,3F8CBF,3F8740,counter,unseen,,exclude,state,strong,cCockBattleResult,refused,classification decision exclude,,,,,
3F8D5C,3F8D5C,3F8740,counter,unseen,,exclude,state,strong,cCockBattleResult,refused,classification decision exclude,,,,,
3F8E13,3F8E13,3F8740,counter,unseen,,exclude,state,strong,cCockBattleResult,refused,classification decision exclude,,,,,
3F8EC5,3F8EC5,3F8740,counter,unseen,,exclude,state,strong,cCockBattleResult,refused,classification decision exclude,,,,,
3F8F77,3F8F77,3F8740,counter,unseen,,exclude,state,strong,cCockBattleResult,refused,classification decision exclude,,,,,
3F9050,3F9050,3F8740,counter,unseen,,exclude,state,strong,cCockBattleResult,refused,classification decision exclude,,,,,
3F9082,3F9082,3F8740,counter,unseen,,exclude,state,strong,cCockBattleResult,refused,classification decision exclude,,,,,
3F90B9,3F90B9,3F8740,counter,unseen,,exclude,state,strong,cCockBattleResult,refused,classification decision exclude,,,,,
3F91DD,3F91DD,3F8740,counter,unseen,,exclude,state,strong,cCockBattleResult,refused,classification decision exclude,,,,,
3F922F,3F922D,3F8740,counter,unseen,,exclude,state,strong,cCockBattleResult,refused,classification decision exclude,,,,,
3F96E6,3F96E6,3F9280,counter,unseen,,exclude,state,strong,cCockBattleResult,refused,classification decision exclude,,,,,
3F972D,3F972D,3F9280,counter,event,30,exclude,state,medium,cCockBattleResult,refused,classification decision exclude,,,,,
3F97A1,3F97A1,3F9750,counter,clock,30,patch,clock,strong,cCockBattleResult,selected,arithmetic flags overwritten before use,3F97A1,880,2,0,0
3F97E7,3F97E7,3F9750,counter,event,30,exclude,state,medium,cCockBattleResult,refused,classification decision exclude,,,,,
3F98AE,3F98AE,3F9800,counter,unseen,,patch-static,clock,strong,cCockBattleResult,refused,static-only clock needs semantic review,,,,,
3F99D4,3F99CC,3F9800,counter,unseen,,exclude,state,strong,cCockBattleResult,refused,classification decision exclude,,,,,
3F9A8E,3F9A8E,3F99E0,counter,clock,30,patch,clock,strong,cCockBattleResult,selected,countdown not finished: 3F9A96 jns,3F9A8E,8D0,2,1,0
3F9BC5,3F9BBD,3F99E0,counter,event,30,exclude,state,strong,cCockBattleResult,refused,classification decision exclude,,,,,
3F9D26,3F9D26,3F9D10,counter,clock,30,patch,clock,strong,cCockBattleResult,selected,arithmetic flags overwritten before use,3F9D26,930,2,0,0
3F9D9F,3F9D9F,3F9D10,counter,unseen,,exclude,state,medium,cCockBattleResult,refused,classification decision exclude,,,,,
3F9DBC,3F9DBC,3F9D10,counter,unseen,,exclude,state,medium,cCockBattleResult,refused,classification decision exclude,,,,,
3F9E12,3F9E12,3F9D10,counter,event,30,exclude,state,medium,cCockBattleResult,refused,classification decision exclude,,,,,
3F9E42,3F9E42,3F9D10,counter,unseen,,exclude,state,medium,cCockBattleResult,refused,classification decision exclude,,,,,
3F9E5E,3F9E5E,3F9D10,counter,event,30,exclude,state,medium,cCockBattleResult,refused,classification decision exclude,,,,,
3FA8D4,3FA8D4,3FA8A0,counter,gated-clock,30,patch,clock,strong,cCockCombo,selected,countdown not finished: 3FA8D9 jns,3FA8D4,980,2,1,0
3FAB2D,3FAB2D,3FAB00,counter,gated-clock,30,patch,clock,strong,cCockCombo,refused,"cycle count gated by phase +74, already scaled at 3FAB17",,,,,
3FAE87,3FAE87,3FAE00,int-step,unseen,,patch-static,clock,strong,cCockCompas,refused,static-only clock needs semantic review,,,,,
3FAE8B,3FAE8B,3FAE00,int-step,unseen,,patch-static,clock,strong,cCockCompas,refused,static-only clock needs semantic review,,,,,
3FAE8F,3FAE8F,3FAE00,int-step,unseen,,patch-static,clock,strong,cCockCompas,refused,static-only clock needs semantic review,,,,,
3FAE93,3FAE93,3FAE00,int-step,unseen,,patch-static,clock,strong,cCockCompas,refused,static-only clock needs semantic review,,,,,
3FAEA1,3FAEA1,3FAE00,int-step,unseen,,patch-static,clock,strong,cCockCompas,refused,static-only clock needs semantic review,,,,,
3FAEA5,3FAEA5,3FAE00,int-step,unseen,,patch-static,clock,strong,cCockCompas,refused,static-only clock needs semantic review,,,,,
3FAEA9,3FAEA9,3FAE00,int-step,unseen,,patch-static,clock,strong,cCockCompas,refused,static-only clock needs semantic review,,,,,
3FAEAD,3FAEAD,3FAE00,int-step,unseen,,patch-static,clock,strong,cCockCompas,refused,static-only clock needs semantic review,,,,,
3FAEBC,3FAEBC,3FAE00,int-step,unseen,,patch-static,clock,strong,cCockCompas,refused,static-only clock needs semantic review,,,,,
3FAEC0,3FAEC0,3FAE00,int-step,unseen,,patch-static,clock,strong,cCockCompas,refused,static-only clock needs semantic review,,,,,
3FAEC4,3FAEC4,3FAE00,int-step,unseen,,patch-static,clock,strong,cCockCompas,refused,static-only clock needs semantic review,,,,,
3FAEC8,3FAEC8,3FAE00,int-step,unseen,,patch-static,clock,strong,cCockCompas,refused,static-only clock needs semantic review,,,,,
3FAED7,3FAED7,3FAE00,int-step,unseen,,patch-static,clock,strong,cCockCompas,refused,static-only clock needs semantic review,,,,,
3FAEDB,3FAEDB,3FAE00,int-step,unseen,,patch-static,clock,strong,cCockCompas,refused,static-only clock needs semantic review,,,,,
3FAEDF,3FAEDF,3FAE00,int-step,unseen,,patch-static,clock,strong,cCockCompas,refused,static-only clock needs semantic review,,,,,
3FAEE3,3FAEE3,3FAE00,int-step,unseen,,patch-static,clock,strong,cCockCompas,refused,static-only clock needs semantic review,,,,,
3FC00F,3FC00D,3FBE70,counter,clock,30,patch,clock,strong,cCockEmLifeGauge,selected,arithmetic flags overwritten before use,3FC009,9E0,1,0,1
3FC06B,3FC068,3FBE70,counter,clock,30,patch,clock,strong,cCockEmLifeGauge,selected,arithmetic flags overwritten before use,3FC063,A40,2,0,1
3FC45B,3FC45B,3FC430,counter,clock,both,patch,clock,strong,cCockEventEdge,refused,fade siblings 3FC467/3FC46D need one rate; 3FC46D has no safe window,,,,,
3FC467,3FC467,3FC430,counter,unseen,,patch-static,clock,strong,cCockEventEdge,refused,fade siblings 3FC45B/3FC46D need one rate; 3FC46D has no safe window,,,,,
3FC46D,3FC46D,3FC430,counter,untraced,,patch-static,clock,strong,cCockEventEdge,refused,fade siblings need one rate; this increment has no safe window,,,,,
3FCA2B,3FCA2B,3FC9F0,counter,untraced,,exclude,state,strong,cCockFudeWnd,refused,classification decision exclude,,,,,
3FCACB,3FCACB,3FCA40,counter,clock,30,patch,clock,strong,cCockFudeWnd,selected,arithmetic flags overwritten before use,3FCACB,AA0,1,0,0
3FCBDC,3FCBDC,3FCB00,counter,untraced,,review,unknown,,cCockFudeWnd,refused,classification decision review,,,,,
3FCE4E,3FCE4E,3FCC40,counter,unseen,,patch-static,clock,strong,cCockGameOver,refused,static-only clock needs semantic review,,,,,
3FCE65,3FCE59,3FCC40,counter,unseen,,exclude,state,strong,cCockGameOver,refused,classification decision exclude,,,,,
3FCE9C,3FCE9C,3FCC40,counter,unseen,,patch-static,clock,strong,cCockGameOver,refused,static-only clock needs semantic review,,,,,
3FCEB1,3FCEA8,3FCC40,counter,unseen,,exclude,state,strong,cCockGameOver,refused,classification decision exclude,,,,,
3FCED3,3FCED3,3FCC40,counter,unseen,,patch-static,clock,strong,cCockGameOver,refused,static-only clock needs semantic review,,,,,
3FCEE4,3FCEDC,3FCC40,counter,unseen,,exclude,state,strong,cCockGameOver,refused,classification decision exclude,,,,,
3FCF50,3FCF50,3FCF50,counter,unseen,,patch-static,clock,strong,cCockGameOver,refused,static-only clock needs semantic review,,,,,
3FCF57,3FCF57,3FCF50,counter,unseen,,review,unknown,,cCockGameOver,refused,classification decision review,,,,,
3FCFDB,3FCFDB,3FCFC0,counter,unseen,,review,unknown,,cCockGameOver,refused,classification decision review,,,,,
3FD0E6,3FD0E6,3FD0E0,counter,unseen,,patch-static,clock,strong,cCockGameOver,refused,static-only clock needs semantic review,,,,,
3FD11C,3FD11C,3FD0E0,counter,unseen,,review,unknown,,cCockGameOver,refused,classification decision review,,,,,
3FD1C4,3FD1C4,3FD160,counter,unseen,,patch-static,clock,strong,cCockGameOver,refused,static-only clock needs semantic review,,,,,
3FD282,3FD282,3FD230,counter,unseen,,exclude,state,medium,cCockGameOver,refused,classification decision exclude,,,,,
3FD3F3,3FD3F3,3FD370,counter,clock,30,patch,clock,strong,cCockGetItemInfo,refused,count limits unscaled ballistic motion at 3FD3F7..3FD409,,,,,
3FD753,3FD753,3FD6F0,counter,gated-clock,30,patch,unknown,,cCockGetItemInfo,refused,"item-info list length after record compaction, not a timer",,,,,
3FD8BD,3FD8BD,3FD760,counter,gated-clock,30,review,state,strong,,refused,classification decision review,,,,,
3FD8E8,3FD8E8,3FD760,counter,gated-clock,30,review,state,strong,,refused,classification decision review,,,,,
3FDB53,3FDB53,3FDB40,counter,clock,30,patch,unknown,,cCockHappyPoint,refused,HappyPoint credit loop lasts unpatched queue countdown 3FE1F0; defer whole queue,,,,,
3FDB5D,3FDB59,3FDB40,counter,clock,30,patch,clock,strong,cCockHappyPoint,refused,HappyPoint remaining budget shares the unpatched queue countdown 3FE1F0,,,,,
3FDBCF,3FDBCC,3FDBA0,counter,clock,30,patch,clock,strong,cCockHappyPoint,selected,arithmetic flags overwritten before use,3FDBCA,B00,2,0,1
3FDBD8,3FDBD8,3FDBA0,counter,clock,both,patch,clock,strong,cCockHappyPoint,selected,countdown not finished: 3FDBE0 jns,3FDBD8,B60,2,1,0
3FE1F0,3FE1ED,3FE1C0,counter,clock,30,patch,clock,strong,cCockHappyPoint,refused,zero completion at 3FE1F4 repeats HappyPoint credit while count is held,,,,,
3FE1F9,3FE1F9,3FE1C0,int-expr,event,30,exclude,unknown,,cCockHappyPoint,refused,classification decision exclude,,,,,
3FE356,3FE353,3FE260,counter,clock,30,patch,clock,strong,cCockInkGauge,selected,arithmetic flags overwritten before use,3FE351,BC0,2,0,1
3FE52A,3FE52A,3FE260,counter,unseen,,patch-static,clock,strong,cCockInkGauge,refused,static-only clock needs semantic review,,,,,
3FE9BC,3FE9B9,3FE5D0,int-step,unseen,,patch-static,clock,strong,cCockInkGauge,refused,static-only clock needs semantic review,,,,,
3FE9D2,3FE9C8,3FE5D0,counter,unseen,,exclude,state,strong,cCockInkGauge,refused,classification decision exclude,,,,,
3FE9EC,3FE9EA,3FE5D0,int-step,unseen,,patch-static,clock,strong,cCockInkGauge,refused,static-only clock needs semantic review,,,,,
3FEA02,3FE9F8,3FE5D0,counter,unseen,,exclude,state,strong,cCockInkGauge,refused,classification decision exclude,,,,,
3FEA21,3FEA1E,3FE5D0,int-step,unseen,,patch-static,clock,strong,cCockInkGauge,refused,static-only clock needs semantic review,,,,,
3FEA37,3FEA2D,3FE5D0,counter,unseen,,exclude,state,strong,cCockInkGauge,refused,classification decision exclude,,,,,
3FEA4E,3FEA4C,3FE5D0,int-step,unseen,,patch-static,clock,strong,cCockInkGauge,refused,static-only clock needs semantic review,,,,,
3FEA61,3FEA57,3FE5D0,counter,unseen,,exclude,state,strong,cCockInkGauge,refused,classification decision exclude,,,,,
3FEA7D,3FEA7A,3FE5D0,int-step,unseen,,patch-static,clock,strong,cCockInkGauge,refused,static-only clock needs semantic review,,,,,
3FEA90,3FEA86,3FE5D0,counter,unseen,,exclude,state,strong,cCockInkGauge,refused,classification decision exclude,,,,,
3FEAA7,3FEAA5,3FE5D0,int-step,unseen,,patch-static,clock,strong,cCockInkGauge,refused,static-only clock needs semantic review,,,,,
3FEC77,3FEC77,3FE5D0,counter,unseen,,patch-static,clock,strong,cCockInkGauge,refused,static-only clock needs semantic review,,,,,
3FF7C7,3FF7C7,3FF720,counter,unseen,,patch-static,clock,strong,cCockLifeGauge,refused,static-only clock needs semantic review,,,,,
3FF869,3FF869,3FF720,counter,unseen,,patch-static,clock,strong,cCockLifeGauge,refused,static-only clock needs semantic review,,,,,
3FF960,3FF960,3FF720,counter,clock,both,patch,clock,strong,cCockLifeGauge,selected,countdown not finished: 3FF965 jns,3FF960,C20,2,1,0
3FFC39,3FFC36,3FFA00,counter,unseen,,patch-static,clock,medium,cCockLifeGauge,refused,static-only clock needs semantic review,,,,,
4004F1,4004EE,4003D0,counter,unseen,,patch-static,clock,strong,cCockLoading,refused,"loading minigame reward count, advanced by input judgement",,,,,
40059A,40059A,4003D0,counter,gated-clock,30,patch,clock,strong,cCockLoading,refused,"loading dot increment already gated by F5 H(10,0) at 4003E0",,,,,
4006CA,4006CA,4005E0,counter,unseen,,exclude,state,strong,cCockLoading,refused,classification decision exclude,,,,,
4006E5,4006E3,4005E0,counter,unseen,,patch-static,clock,strong,cCockLoading,refused,"loading minigame reward count, advanced by input judgement",,,,,
401A15,401A15,401980,counter,clock,30,patch,clock,strong,cCockMap,selected,countdown not finished: 401A22 jns,401A15,C80,2,1,0
401D51,401D51,401B60,counter,event,30,exclude,state,medium,cCockMap,refused,classification decision exclude,,,,,
4020AB,4020AB,401EB0,counter,event,30,exclude,unknown,,cCockMap,refused,classification decision exclude,,,,,
4022BA,4022B2,4022A0,counter,clock,both,patch,clock,strong,cCockMapTitle,refused,post-count equality at 4022D2 repeats map-title setup while 120 is held,,,,,
402BE4,402BE2,402B00,int-expr,clock,30,patch,clock,strong,cCockMoney,refused,variable step needs provenance review,,,,,
402BEB,402BEB,402B00,counter,clock,30,patch,clock,strong,cCockMoney,selected,countdown not finished: 402BF2 jns,402BEB,CE0,4,1,0
40436B,40436B,404250,counter,gated-clock,30,patch,clock,strong,,selected,countdown not finished: 404378 jns,40436B,D40,2,1,0
40437A,40437A,404250,counter,event,30,exclude,state,strong,,refused,classification decision exclude,,,,,
40524C,405243,405210,counter,unseen,,patch-static,clock,strong,cCockRemain,refused,static-only clock needs semantic review,,,,,
406D0E,406D0E,406BC0,counter,clock,both,patch,clock,strong,cCockStamp,refused,count controls unscaled 0.7 decay at 406D25; coordinate decay first,,,,,
4070CE,4070CE,407010,counter,clock,30,patch,clock,strong,cCockStomachGauge,selected,countdown not finished: 4070D3 jns,4070CE,DA0,2,1,0
407AD0,407AD0,407AD0,int-expr,unseen,,patch-static,clock,strong,,refused,static-only clock needs semantic review,,,,,
407B92,407B90,407B00,counter,unseen,,patch-static,clock,strong,cCockTimer,refused,static-only clock needs semantic review,,,,,
409182,409182,409070,counter,unseen,,patch-static,clock,strong,cOption cOptionEx,refused,static-only clock needs semantic review,,,,,
409192,409192,409070,counter,unseen,,patch-static,clock,strong,cOption cOptionEx,refused,static-only clock needs semantic review,,,,,
409A5A,409A5A,409280,counter,unseen,,exclude,state,strong,cOption cOptionEx,refused,classification decision exclude,,,,,
409A93,409A93,409280,counter,unseen,,patch-static,clock,medium,cOption cOptionEx,refused,static-only clock needs semantic review,,,,,
40AA9E,40AA9E,40A910,counter,unseen,,exclude,state,strong,cOption cOptionEx,refused,classification decision exclude,,,,,
40AABE,40AABE,40A910,counter,event,60,exclude,state,strong,cOption cOptionEx,refused,classification decision exclude,,,,,
40D36A,40D36A,40D350,counter,unseen,,exclude,state,medium,cPictureBook cSubScrFilesAnimal cSubScrFilesFish cSubScrFilesTreasure,refused,classification decision exclude,,,,,
40D50D,40D50D,40D400,counter,unseen,,exclude,state,strong,cPictureBook cSubScrFilesAnimal cSubScrFilesFish cSubScrFilesTreasure,refused,classification decision exclude,,,,,
40D618,40D618,40D400,counter,unseen,,exclude,state,strong,cPictureBook cSubScrFilesAnimal cSubScrFilesFish cSubScrFilesTreasure,refused,classification decision exclude,,,,,
40D6B3,40D6B3,40D400,counter,unseen,,exclude,state,strong,cPictureBook cSubScrFilesAnimal cSubScrFilesFish cSubScrFilesTreasure,refused,classification decision exclude,,,,,
40D76E,40D76C,40D6F0,counter,unseen,,patch-static,clock,strong,cPictureBook cSubScrFilesAnimal cSubScrFilesFish cSubScrFilesTreasure,refused,static-only clock needs semantic review,,,,,
40DA2A,40DA2A,40D9F0,int-step,unseen,,review,unknown,,cSubScrItem,refused,classification decision review,,,,,
40DB64,40DADB,40D9F0,counter,unseen,,patch-static,clock,strong,cSubScrItem,refused,static-only clock needs semantic review,,,,,
40E07E,40E07E,40DFD0,int-step,unseen,,review,unknown,,cSubScrItem,refused,classification decision review,,,,,
40E090,40E090,40DFD0,int-step,unseen,,review,unknown,,cSubScrItem,refused,classification decision review,,,,,
40E0A2,40E0A2,40DFD0,int-step,unseen,,review,unknown,,cSubScrItem,refused,classification decision review,,,,,
40E0C9,40E0C9,40DFD0,int-step,unseen,,review,unknown,,cSubScrItem,refused,classification decision review,,,,,
40E0DB,40E0DB,40DFD0,int-step,unseen,,review,unknown,,cSubScrItem,refused,classification decision review,,,,,
40E0ED,40E0ED,40DFD0,int-step,unseen,,review,unknown,,cSubScrItem,refused,classification decision review,,,,,
40E0FB,40E0FB,40DFD0,int-step,unseen,,review,unknown,,cSubScrItem,refused,classification decision review,,,,,
410606,410606,410540,counter,event,60,exclude,clock,weak,cSSScroll cSubScrFilesSinan cSubScrFilesStory,refused,classification decision exclude,,,,,
410739,410736,410540,counter,clock,60,patch,clock,strong,cSSScroll cSubScrFilesSinan cSubScrFilesStory,refused,old-value completion at 41073F needs state-transition review,,,,,
410C8C,410C8C,410C70,counter,event,60,exclude,unknown,,cSSScroll cSubScrFilesSinan cSubScrFilesStory,refused,classification decision exclude,,,,,
4112AD,4112AA,4111D0,counter,unseen,,patch-static,clock,strong,cSSScroll cSubScrFilesSinan cSubScrFilesStory,refused,static-only clock needs semantic review,,,,,
411479,411476,4113A0,counter,unseen,,patch-static,clock,strong,cSSScroll cSubScrFilesSinan cSubScrFilesStory,refused,static-only clock needs semantic review,,,,,
4116EF,4116EC,411570,counter,clock,60,patch,clock,weak,cSSScroll cSubScrFilesSinan cSubScrFilesStory,refused,old-value completion at 4116F5 needs state-transition review,,,,,
41199D,41199D,411960,counter,clock,60,patch,clock,strong,cSSScroll cSubScrFilesSinan cSubScrFilesStory,selected,arithmetic flags overwritten before use,41199D,E00,1,0,0
4119B9,4119B9,411960,counter,event,60,exclude,clock,weak,cSSScroll cSubScrFilesSinan cSubScrFilesStory,refused,classification decision exclude,,,,,
4119DB,4119DB,411960,counter,event,60,exclude,clock,weak,cSSScroll cSubScrFilesSinan cSubScrFilesStory,refused,classification decision exclude,,,,,
411D43,411D3B,411C40,counter,unseen,,patch-static,clock,strong,cSSScroll cSubScrFilesSinan cSubScrFilesStory,refused,static-only clock needs semantic review,,,,,
411D83,411D83,411C40,counter,unseen,,patch-static,clock,strong,cSSScroll cSubScrFilesSinan cSubScrFilesStory,refused,static-only clock needs semantic review,,,,,
411E0A,411E02,411C40,counter,unseen,,patch-static,clock,strong,cSSScroll cSubScrFilesSinan cSubScrFilesStory,refused,static-only clock needs semantic review,,,,,
411E4A,411E4A,411C40,counter,event,60,review,clock,strong,cSSScroll cSubScrFilesSinan cSubScrFilesStory,refused,classification decision review,,,,,
413D0B,413D0B,413CC0,counter,clock,30,patch,clock,strong,,selected,countdown not finished: 413D13 jns,413D0B,E50,2,1,0
413DF6,413DF6,413CC0,counter,clock,both,patch,clock,strong,,selected,countdown not finished: 413DFE jns,413DF6,EB0,2,1,0
413FB2,413FA7,413F70,counter,gated-clock,60,review,state,strong,,refused,classification decision review,,,,,
414026,414018,413F70,counter,clock,60,patch,clock,strong,,selected,arithmetic flags overwritten before use,414018,F10,2,0,1
414111,414111,414080,counter,gated-clock,30,review,state,medium,,refused,classification decision review,,,,,
414138,414138,414080,counter,unseen,,patch-static,clock,strong,,refused,static-only clock needs semantic review,,,,,
414156,414156,414080,counter,unseen,,exclude,state,medium,,refused,classification decision exclude,,,,,
4141B3,4141B3,414080,counter,unseen,,exclude,state,strong,,refused,classification decision exclude,,,,,
414252,414252,4141E0,counter,unseen,,exclude,state,medium,,refused,classification decision exclude,,,,,
414296,414296,4141E0,counter,unseen,,exclude,state,strong,,refused,classification decision exclude,,,,,
4142FD,4142FD,4141E0,counter,gated-clock,60,review,state,medium,,refused,classification decision review,,,,,
414378,414378,414320,counter,gated-clock,60,review,state,medium,,refused,classification decision review,,,,,
414405,414405,414320,counter,unseen,,exclude,state,strong,,refused,classification decision exclude,,,,,
4144D0,4144D0,414320,counter,unseen,,exclude,state,strong,,refused,classification decision exclude,,,,,
414539,414539,414320,counter,unseen,,exclude,state,strong,,refused,classification decision exclude,,,,,
414548,414548,414320,counter,unseen,,exclude,state,medium,,refused,classification decision exclude,,,,,
4146CB,4146CB,414690,counter,event,60,exclude,state,medium,,refused,classification decision exclude,,,,,
4146E8,4146E8,414690,counter,event,60,exclude,state,medium,,refused,classification decision exclude,,,,,
4146FD,4146FD,414690,counter,gated-clock,60,review,state,medium,,refused,classification decision review,,,,,
4147C2,4147C2,414720,counter,gated-clock,60,review,state,medium,,refused,classification decision review,,,,,
414964,414964,4147F0,counter,gated-clock,30,review,state,medium,,refused,classification decision review,,,,,
414998,41498F,4147F0,counter,gated-clock,60,review,state,strong,,refused,classification decision review,,,,,
41590B,41590B,4158A0,counter,gated-clock,60,review,state,medium,,refused,classification decision review,,,,,
415C3A,415C3A,415B30,counter,gated-clock,60,review,state,medium,,refused,classification decision review,,,,,
415CA4,415CA4,415C50,counter,gated-clock,30,review,state,medium,,refused,classification decision review,,,,,
415D0C,415D0C,415C50,counter,gated-clock,30,review,state,strong,,refused,classification decision review,,,,,
418CEB,418CEB,4189A0,counter,event,60,exclude,state,medium,cSubScrFiles,refused,classification decision exclude,,,,,
41B61A,41B61A,41B400,counter,event,60,exclude,state,strong,cSubScrFilesEnemy,refused,classification decision exclude,,,,,
41B7DD,41B7DD,41B7B0,counter,gated-clock,60,patch,clock,strong,cSubScrFilesEnemy,selected,countdown not finished: 41B7E1 jne,41B7DD,F70,1,1,0
41B923,41B923,41B830,counter,event,60,exclude,state,medium,cSubScrFilesEnemy,refused,classification decision exclude,,,,,
41B9A0,41B9A0,41B830,counter,event,60,exclude,state,medium,cSubScrFilesEnemy,refused,classification decision exclude,,,,,
41BBEC,41BBEC,41BB00,counter,unseen,,exclude,state,strong,cSubScrFilesEnemy,refused,classification decision exclude,,,,,
41BC72,41BC72,41BB00,int-step,unseen,,patch-static,clock,strong,cSubScrFilesEnemy,refused,static-only clock needs semantic review,,,,,
41BE84,41BE84,41BDB0,counter,unseen,,exclude,state,strong,cSubScrFilesEnemy,refused,classification decision exclude,,,,,
41BF04,41BF04,41BDB0,int-step,unseen,,patch-static,clock,strong,cSubScrFilesEnemy,refused,static-only clock needs semantic review,,,,,
41C588,41C588,41C090,counter,unseen,,patch-static,clock,strong,cSubScrFilesEnemy,refused,static-only clock needs semantic review,,,,,
41C6B7,41C6B7,41C090,counter,unseen,,patch-static,clock,strong,cSubScrFilesEnemy,refused,static-only clock needs semantic review,,,,,
41CA9B,41CA9B,41C090,counter,event,60,exclude,state,strong,cSubScrFilesEnemy,refused,classification decision exclude,,,,,
41CB8D,41CB8D,41C090,counter,event,60,exclude,state,strong,cSubScrFilesEnemy,refused,classification decision exclude,,,,,
41CFB0,41CFAC,41CF70,counter,event,60,exclude,state,strong,cSubScrFilesEnemy,refused,classification decision exclude,,,,,
41D0A2,41D0A2,41CF70,counter,event,60,exclude,state,strong,cSubScrFilesEnemy,refused,classification decision exclude,,,,,
41D506,41D501,41CF70,counter,event,60,exclude,state,strong,cSubScrFilesEnemy,refused,classification decision exclude,,,,,
41E1F2,41E1EF,41E170,counter,unseen,,patch-static,clock,strong,cSubScrFilesInfo,refused,static-only clock needs semantic review,,,,,
41E77F,41E77F,41E620,counter,event,60,exclude,state,medium,cSubScrFilesInfo,refused,classification decision exclude,,,,,
41E904,41E904,41E620,counter,event,60,exclude,state,medium,cSubScrFilesInfo,refused,classification decision exclude,,,,,
41EB99,41EB41,41E920,counter,unseen,,exclude,state,strong,cSubScrFilesInfo,refused,classification decision exclude,,,,,
41EF0C,41EF09,41EE90,counter,unseen,,patch-static,clock,strong,cSubScrFilesInfo,refused,static-only clock needs semantic review,,,,,
41EF7D,41EF7D,41EE90,counter,unseen,,review,clock,weak,cSubScrFilesInfo,refused,classification decision review,,,,,
41F042,41F042,41EFB0,counter,event,60,exclude,clock,weak,cSubScrFilesInfo,refused,classification decision exclude,,,,,
41F2C8,41F2C8,41F1A0,counter,unseen,,exclude,state,medium,cSubScrFilesInfoFort,refused,classification decision exclude,,,,,
41F323,41F323,41F1A0,counter,unseen,,exclude,state,medium,cSubScrFilesInfoFort,refused,classification decision exclude,,,,,
41F62B,41F62B,41F5B0,counter,clock,60,patch,clock,strong,cSubScrFilesInfoMess,refused,count limits unscaled row motion at 41F623,,,,,
41F97C,41F97C,41F830,counter,unseen,,exclude,state,medium,cSubScrFilesInfoMess,refused,classification decision exclude,,,,,
41F99F,41F99F,41F830,counter,event,60,exclude,state,medium,cSubScrFilesInfoMess,refused,classification decision exclude,,,,,
41FAF7,41FAF7,41F830,counter,event,60,exclude,state,medium,cSubScrFilesInfoMess,refused,classification decision exclude,,,,,
41FF01,41FEA0,41FCF0,counter,unseen,,exclude,state,strong,cSubScrFilesInfoMess,refused,classification decision exclude,,,,,
42036F,42036F,4202F0,counter,clock,60,patch,clock,strong,cSubScrFilesInfoMess,refused,count limits unscaled row motion at 420366,,,,,
42068A,42068A,420580,counter,unseen,,exclude,state,medium,cSubScrFilesInfoWanted,refused,classification decision exclude,,,,,
4207AA,4207AA,420580,counter,unseen,,exclude,state,medium,cSubScrFilesInfoWanted,refused,classification decision exclude,,,,,
4207FD,4207FD,4207D0,counter,unseen,,patch-static,clock,strong,cSubScrFilesInfoWanted,refused,static-only clock needs semantic review,,,,,
420937,420931,4207D0,counter,unseen,,patch-static,clock,strong,cSubScrFilesInfoWanted,refused,static-only clock needs semantic review,,,,,
4209C0,4209B7,4207D0,counter,unseen,,review,clock,weak,cSubScrFilesInfoWanted,refused,classification decision review,,,,,
420D64,420D64,420BE0,counter,unseen,,patch-static,clock,strong,cSubScrFilesInfoWanted,refused,static-only clock needs semantic review,,,,,
42109F,42109F,420F80,counter,unseen,,exclude,state,medium,cSubScrFilesJuzu,refused,classification decision exclude,,,,,
4210D2,4210D2,420F80,counter,unseen,,exclude,state,strong,cSubScrFilesJuzu,refused,classification decision exclude,,,,,
4210EE,4210EE,420F80,counter,unseen,,exclude,state,strong,cSubScrFilesJuzu,refused,classification decision exclude,,,,,
421377,421339,4212C0,counter,unseen,,patch-static,clock,strong,cSubScrFilesJuzu,refused,static-only clock needs semantic review,,,,,
4231FD,4231FD,423070,counter,event,60,exclude,state,strong,cSubScrFude,refused,classification decision exclude,,,,,
42334C,42334C,423070,counter,untraced,,exclude,state,strong,cSubScrFude,refused,classification decision exclude,,,,,
4234D4,4234D4,423360,counter,clock,60,patch,clock,strong,cSubScrFude,refused,timer also extends unscaled +FC sliding step at 4234CC; coordinate movement first,,,,,
423554,423554,423360,counter,clock,60,patch,clock,strong,cSubScrFude,refused,timer also extends unscaled +FC sliding step at 42354C; coordinate movement first,,,,,
423F4E,423F4E,423EE0,counter,unseen,,exclude,state,strong,cToolCommand,refused,classification decision exclude,,,,,
423F87,423F87,423EE0,counter,unseen,,exclude,state,strong,cToolCommand,refused,classification decision exclude,,,,,
424CEC,424CEC,424C30,counter,gated-clock,60,review,state,medium,cSubScrItem,refused,classification decision review,,,,,
424D9D,424D9B,424D40,int-step,gated-clock,60,patch,clock,strong,cSubScrItem,refused,old counting register not proven to load the same field,,,,,
424DF5,424DF3,424D40,int-step,unseen,,patch-static,clock,strong,cSubScrItem,refused,static-only clock needs semantic review,,,,,
425475,425475,425070,counter,gated-clock,60,review,state,medium,cSubScrItem,refused,classification decision review,,,,,
4257FF,4257FF,425650,counter,event,60,exclude,state,strong,cSubScrItem,refused,classification decision exclude,,,,,
425AC1,425AC1,425A20,counter,event,60,exclude,state,strong,cSubScrItem,refused,classification decision exclude,,,,,
425B80,425B80,425B20,counter,event,60,exclude,state,strong,cSubScrItem,refused,classification decision exclude,,,,,
42F947,42F947,42F200,counter,event,60,exclude,state,medium,cSubScrMap,refused,classification decision exclude,,,,,
42FDAE,42FDAE,42FB90,counter,unseen,,exclude,state,strong,cSubScrMap,refused,classification decision exclude,,,,,
42FE60,42FE60,42FB90,counter,unseen,,exclude,state,strong,cSubScrMap,refused,classification decision exclude,,,,,
42FEB4,42FEB4,42FB90,counter,untraced,,exclude,state,strong,cSubScrMap,refused,classification decision exclude,,,,,
4304D2,4304D2,4303B0,counter,unseen,,exclude,state,strong,cSubScrMap,refused,classification decision exclude,,,,,
4304F3,4304F3,4303B0,counter,event,60,exclude,state,strong,cSubScrMap,refused,classification decision exclude,,,,,
4305D0,4305D0,4303B0,counter,event,60,exclude,state,strong,cSubScrMap,refused,classification decision exclude,,,,,
430602,430602,4303B0,counter,event,60,exclude,state,strong,cSubScrMap,refused,classification decision exclude,,,,,
4306AF,4306AF,430640,counter,unseen,,exclude,state,strong,cSubScrMap,refused,classification decision exclude,,,,,
430740,430740,430640,counter,unseen,,exclude,state,strong,cSubScrMap,refused,classification decision exclude,,,,,
43075F,43075F,430640,counter,unseen,,exclude,state,strong,cSubScrMap,refused,classification decision exclude,,,,,
430E40,430E40,430CD0,counter,unseen,,exclude,state,strong,cSubScrMap,refused,classification decision exclude,,,,,
430EFB,430EFB,430CD0,counter,untraced,,exclude,state,strong,cSubScrMap,refused,classification decision exclude,,,,,
4312D0,4312D0,4311F0,counter,unseen,,exclude,state,strong,cSubScrMap,refused,classification decision exclude,,,,,
431340,431340,4311F0,counter,unseen,,exclude,state,strong,cSubScrMap,refused,classification decision exclude,,,,,
4331E4,4331E1,4331D0,int-expr,unseen,,patch-static,clock,strong,cSubScrStatus,refused,static-only clock needs semantic review,,,,,
433219,433213,4331D0,int-expr,unseen,,patch-static,clock,strong,cSubScrStatus,refused,static-only clock needs semantic review,,,,,
433221,433217,4331D0,counter,unseen,,patch-static,clock,strong,cSubScrStatus,refused,static-only clock needs semantic review,,,,,
433269,433267,433250,int-expr,clock,60,patch,clock,strong,cSubScrStatus,refused,variable step needs provenance review,,,,,
433292,43328E,433250,int-expr,unseen,,patch-static,clock,strong,cSubScrStatus,refused,static-only clock needs semantic review,,,,,
4332AB,4332A9,433250,counter,unseen,,exclude,state,strong,cSubScrStatus,refused,classification decision exclude,,,,,
4332F4,4332F1,4332E0,int-expr,unseen,,patch-static,clock,strong,cSubScrStatus,refused,static-only clock needs semantic review,,,,,
433329,433323,4332E0,int-expr,unseen,,patch-static,clock,strong,cSubScrStatus,refused,static-only clock needs semantic review,,,,,
433331,433327,4332E0,counter,unseen,,patch-static,clock,strong,cSubScrStatus,refused,static-only clock needs semantic review,,,,,
433372,433370,433360,int-expr,unseen,,patch-static,clock,strong,cSubScrStatus,refused,static-only clock needs semantic review,,,,,
4333AA,4333A6,433360,int-expr,unseen,,patch-static,clock,strong,cSubScrStatus,refused,static-only clock needs semantic review,,,,,
4333B1,4333A4,433360,counter,unseen,,patch-static,clock,strong,cSubScrStatus,refused,static-only clock needs semantic review,,,,,
434481,434481,434160,counter,gated-clock,60,review,state,medium,cSubScrStatus,refused,classification decision review,,,,,
434527,434525,4344C0,int-step,clock,60,patch,clock,strong,cSubScrStatus,selected,arithmetic flags overwritten before use,434521,FD0,1,0,1
43454E,43454E,4344C0,int-expr,event,60,exclude,unknown,,cSubScrStatus,refused,classification decision exclude,,,,,
434582,434580,4344C0,int-step,clock,60,patch,clock,strong,cSubScrStatus,selected,arithmetic flags overwritten before use,43457C,1030,1,0,1
4345A9,4345A9,4344C0,int-expr,static,60,exclude,unknown,,cSubScrStatus,refused,classification decision exclude,,,,,
4345DD,4345DB,4344C0,int-step,clock,60,patch,clock,strong,cSubScrStatus,selected,arithmetic flags overwritten before use,4345D7,1090,1,0,1
434604,434604,4344C0,int-expr,static,60,exclude,unknown,,cSubScrStatus,refused,classification decision exclude,,,,,
43463C,43463A,4344C0,int-step,clock,60,patch,clock,strong,cSubScrStatus,selected,arithmetic flags overwritten before use,434636,10F0,1,0,1
434663,434663,4344C0,int-expr,static,60,exclude,unknown,,cSubScrStatus,refused,classification decision exclude,,,,,
43497F,43497F,4348A0,counter,gated-clock,60,review,state,strong,cSubScrStatus,refused,classification decision review,,,,,
434B46,434B46,434A60,counter,clock,60,patch,clock,strong,cSubScrStatus,selected,countdown not finished: 434B4E jns,434B46,1150,2,1,0
434DF5,434DF3,434A60,counter,unseen,,exclude,state,strong,cSubScrStatus,refused,classification decision exclude,,,,,
434E71,434E6F,434A60,counter,gated-clock,60,review,state,strong,cSubScrStatus,refused,classification decision review,,,,,
434F19,434F19,434A60,counter,clock,60,review,state,strong,cSubScrStatus,refused,classification decision review,,,,,
434FD5,434FD5,434A60,int-expr,clock,60,patch,clock,strong,cSubScrStatus,refused,variable step needs provenance review,,,,,
43500D,43500A,434A60,counter,clock,60,patch,clock,strong,cSubScrStatus,refused,old-value zero test at 435013 repeats its sound event while count is held,,,,,
4350BE,4350BE,434A60,counter,unseen,,exclude,state,strong,cSubScrStatus,refused,classification decision exclude,,,,,
435178,435178,434A60,int-expr,unseen,,patch-static,clock,strong,cSubScrStatus,refused,static-only clock needs semantic review,,,,,
4351B0,4351AD,434A60,counter,unseen,,patch-static,clock,strong,cSubScrStatus,refused,static-only clock needs semantic review,,,,,
435261,435261,434A60,counter,unseen,,exclude,state,strong,cSubScrStatus,refused,classification decision exclude,,,,,
43531A,43531A,434A60,int-expr,unseen,,patch-static,clock,strong,cSubScrStatus,refused,static-only clock needs semantic review,,,,,
435352,43534F,434A60,counter,unseen,,patch-static,clock,strong,cSubScrStatus,refused,static-only clock needs semantic review,,,,,
435402,435402,434A60,counter,unseen,,exclude,state,strong,cSubScrStatus,refused,classification decision exclude,,,,,
4354BE,4354BE,434A60,int-expr,unseen,,patch-static,clock,strong,cSubScrStatus,refused,static-only clock needs semantic review,,,,,
4354F6,4354F3,434A60,counter,unseen,,patch-static,clock,strong,cSubScrStatus,refused,static-only clock needs semantic review,,,,,
439855,439855,4397B0,counter,clock,30,patch,clock,strong,,refused,count limits unscaled scene-transition displacement at 4397D9,,,,,
43986E,43986E,4397B0,counter,gated-clock,30,patch,unknown,,,refused,scene-transition state index +29 after timer +20 expires,,,,,
439A38,439A38,439910,counter,gated-clock,30,patch,unknown,,,refused,"scene-transition state index +29, not a duration",,,,,
439AC4,439AC4,439A50,counter,gated-clock,30,patch,unknown,,,refused,"scene-transition state index +29, not a duration",,,,,
439B1E,439B1B,439AD0,counter,gated-clock,both,review,state,strong,,refused,classification decision review,,,,,
439B2D,439B2D,439AD0,counter,gated-clock,both,review,state,strong,,refused,classification decision review,,,,,
439B5A,439B5A,439AD0,counter,gated-clock,both,review,state,strong,,refused,classification decision review,,,,,
5FE299,5FE28D,5FDFB0,int-expr,unseen,,patch-static,clock,strong,cMcBoot,refused,static-only clock needs semantic review,,,,,
5FE403,5FE403,5FDFB0,counter,event,60,exclude,unknown,,cMcBoot,refused,classification decision exclude,,,,,
