site,function,instruction,class,retarget,evidence,review
13F679,13F410,"sub al, byte ptr [rip + 0xa2b5c6]",consume,0,consumed: use x3,
13F6F4,13F410,"sub al, byte ptr [rip + 0xa2b54b]",consume,0,consumed: use x3,
14A044,149F50,"movzx eax, byte ptr [rip + 0xa20bfa]",save,1,"stored to INT_ADD(in:(register, 0x8, 8),ca88) at 14A04B, read back by the restore(s) at 14A2EA",
14A051,149F50,"mov byte ptr [rip + 0xa20bed], 2",write,1,writes 2,
14A190,149F50,"mov byte ptr [rip + 0xa20aae], 1",write,1,writes 1,
14A1F6,149F50,"mov byte ptr [rip + 0xa20a48], 2",write,1,writes 2,
14A2EA,149F50,"mov byte ptr [rip + 0xa20955], al",restore,1,"restores the value loaded from INT_ADD(in:(register, 0x8, 8),ca88) at 14A2D9",
14A63F,14A500,"movzx eax, byte ptr [rip + 0xa205ff]",save,1,"stored to INT_ADD(in:(register, 0x8, 8),ca88) at 14A646, read back by the restore(s) at 14A2EA",
14A64C,14A500,"mov byte ptr [rip + 0xa205f2], 2",write,1,writes 2,
153F91,153F30,"cmp byte ptr [rip + 0xa16cad], 1",consume,0,consumed: use x3,
154051,153F30,"cmp byte ptr [rip + 0xa16bed], 1",consume,0,consumed: use x3,
1541C1,154160,"cmp byte ptr [rip + 0xa16a7d], 1",consume,0,consumed: use x3,
154281,154160,"cmp byte ptr [rip + 0xa169bd], 1",consume,0,consumed: use x3,
1826CA,1825A0,"movzx eax, byte ptr [rip + 0x9e8574]",consume,0,"consumed: store x1, use x6","value escapes (store INT_ADD(in:(register, 0x8, 8),c260)) but no restore reads it back"
184BED,1843A0,"sub al, byte ptr [rip + 0x9e6052]",consume,0,consumed: use x3,
184C22,1843A0,"sub al, byte ptr [rip + 0x9e601d]",consume,0,consumed: use x3,
187F47,187DC0,"movzx r8d, byte ptr [rip + 0x9e2cf6]",consume,0,consumed: ,
19E10B,19E040,"cmp byte ptr [rip + 0x9ccb33], 1",consume,0,consumed: use x3,
19E4A8,19E469,"cmp byte ptr [rip + 0x9cc796], 1",consume,0,consumed: use x1,no Ghidra function: straight-line capstone trace
1A401F,1A3CA0,"cmp byte ptr [rip + 0x9c6c1f], 1",consume,0,consumed: use x1,
1B2AA7,1B2A50,"cmp byte ptr [rip + 0x9b8197], 1",consume,0,consumed: use x3,
1B475D,1B4740,"cmp byte ptr [rip + 0x9b64e1], 1",consume,0,consumed: use x3,
1B47CB,1B47C0,"cmp byte ptr [rip + 0x9b6473], 1",consume,0,consumed: use x3,
1B5427,1B5380,"cmp byte ptr [rip + 0x9b5817], 1",consume,0,consumed: use x3,
1B8C29,1B8C20,"cmp byte ptr [rip + 0x9b2015], 1",consume,0,consumed: use x3,
1B8C5D,1B8C50,"cmp byte ptr [rip + 0x9b1fe1], 1",consume,0,consumed: use x3,
1B8C89,1B8C80,"cmp byte ptr [rip + 0x9b1fb5], 1",consume,0,consumed: use x3,
1B8CC0,1B8CB0,"cmp byte ptr [rip + 0x9b1f7e], 1",consume,0,consumed: use x3,
1BFD93,1BFCB0,"mov byte ptr [rip + 0x9aaeab], 1",write,1,writes 1,
1BFDD1,1BFCB0,"mov byte ptr [rip + 0x9aae6e], al",restore,1,"restores the value loaded from INT_ADD(in:(register, 0x8, 8),cd8) at 1BFDC3",
1BFFB6,1BFFA0,"mov byte ptr [rip + 0x9aac88], 1",write,1,writes 1,
1BFFEC,1BFFA0,"mov byte ptr [rip + 0x9aac53], al",restore,1,"restores the value loaded from INT_ADD(in:(register, 0x8, 8),cd8) at 1BFFDE",
1C0A6D,1C0160,"movzx ecx, byte ptr [rip + 0x9aa1d1]",consume,0,consumed: use x1,
1C1597,1C10F0,"movzx ecx, byte ptr [rip + 0x9a96a7]",consume,0,consumed: use x1,
1C5464,1C5430,"movzx eax, byte ptr [rip + 0x9a57da]",save,1,"stored to INT_ADD(in:(register, 0x8, 8),cd8) at 1C546B, read back by the restore(s) at 1BFDD1,1BFFEC,5FE4F7",
1C640C,1C6110,"movzx ecx, byte ptr [rip + 0x9a4832]",consume,0,consumed: use x2,
1C801F,1C7FE0,"movzx ecx, byte ptr [rip + 0x9a2c1f]",consume,0,consumed: use x2,
20F270,20F270,"cmp byte ptr [rip + 0x95b9ce], 1",consume,0,consumed: use x3,
364C82,364B00,"movzx eax, byte ptr [rip + 0x805fbc]",consume,0,consumed: use x6,
36FFDF,36FEA0,"movzx eax, byte ptr [rip + 0x7fac5f]",consume,0,consumed: use x6,
3703B8,370280,"movzx eax, byte ptr [rip + 0x7fa886]",consume,0,consumed: use x6,
3AC050,3AAC90,"movzx eax, byte ptr [rip + 0x7bebee]",consume,0,consumed: use x1,no Ghidra function: straight-line capstone trace
3AF666,3AF020,"movzx eax, byte ptr [rip + 0x7bb5d8]",consume,0,consumed: use x6,
3B0A7E,3B06F0,"movzx eax, byte ptr [rip + 0x7ba1c0]",consume,0,consumed: use x8,
3B0AA3,3B06F0,"movzx eax, byte ptr [rip + 0x7ba19b]",consume,0,consumed: use x6,
3B172E,3B1560,"movzx eax, byte ptr [rip + 0x7b9510]",consume,0,consumed: use x7,
3B1767,3B1560,"movzx eax, byte ptr [rip + 0x7b94d7]",consume,0,consumed: use x6,
3B1784,3B1560,"movzx eax, byte ptr [rip + 0x7b94ba]",consume,0,consumed: use x8,
3B17B1,3B1560,"movzx eax, byte ptr [rip + 0x7b948d]",consume,0,consumed: use x6,
3B2064,3B18D0,"movzx eax, byte ptr [rip + 0x7b8bda]",consume,0,consumed: use x12,
3B214E,3B18D0,"movzx eax, byte ptr [rip + 0x7b8af0]",consume,0,consumed: use x8,
3B2185,3B18D0,"movzx eax, byte ptr [rip + 0x7b8ab9]",consume,0,consumed: use x6,
3B2800,3B2620,"movzx eax, byte ptr [rip + 0x7b843e]",consume,0,consumed: use x7,
3B28D6,3B2620,"movzx eax, byte ptr [rip + 0x7b8368]",consume,0,consumed: use x6,
3B294B,3B2620,"movzx eax, byte ptr [rip + 0x7b82f3]",consume,0,consumed: use x6,
3B3322,3B2CF0,"movzx eax, byte ptr [rip + 0x7b791c]",consume,0,consumed: use x6,
3B36AE,3B2CF0,"movzx eax, byte ptr [rip + 0x7b7590]",consume,0,consumed: use x6,
3B39DC,3B2CF0,"movzx eax, byte ptr [rip + 0x7b7262]",consume,0,consumed: use x6,
3B3A32,3B2CF0,"movzx eax, byte ptr [rip + 0x7b720c]",consume,0,consumed: use x6,
3B4041,3B3FF0,"movzx eax, byte ptr [rip + 0x7b6bfd]",consume,0,consumed: use x7,
3B5498,3B3FF0,"movzx eax, byte ptr [rip + 0x7b57a6]",consume,0,consumed: use x6,
3B54C4,3B3FF0,"movzx eax, byte ptr [rip + 0x7b577a]",consume,0,consumed: use x6,
3B5518,3B3FF0,"movzx eax, byte ptr [rip + 0x7b5726]",consume,0,consumed: use x6,
3B5B56,3B5B50,"movzx eax, byte ptr [rip + 0x7b50e8]",consume,0,consumed: use x6,
3B6096,3B6090,"movzx eax, byte ptr [rip + 0x7b4ba8]",consume,0,consumed: use x1,
3B6636,3B6630,"movzx eax, byte ptr [rip + 0x7b4608]",consume,0,consumed: use x1,
3B6BF6,3B6BF0,"movzx eax, byte ptr [rip + 0x7b4048]",consume,0,consumed: use x1,
3B7281,3B71B0,"movzx eax, byte ptr [rip + 0x7b39bd]",consume,0,consumed: use x6,
3B7330,3B7320,"movzx eax, byte ptr [rip + 0x7b390e]",consume,0,consumed: use x7,
3B74B5,3B7320,"movzx eax, byte ptr [rip + 0x7b3789]",consume,0,consumed: use x6,
3B7850,3B7320,"movzx eax, byte ptr [rip + 0x7b33ee]",consume,0,consumed: use x6,
3B7B2D,3B7320,"movzx eax, byte ptr [rip + 0x7b3111]",consume,0,consumed: use x6,
3B7DDF,3B7320,"movzx eax, byte ptr [rip + 0x7b2e5f]",consume,0,consumed: use x6,
3B80AD,3B7320,"movzx eax, byte ptr [rip + 0x7b2b91]",consume,0,consumed: use x6,
3B8596,3B8540,"movzx eax, byte ptr [rip + 0x7b26a8]",consume,0,consumed: use x8,
3B9A92,3B9A70,"movzx eax, byte ptr [rip + 0x7b11ac]",consume,0,consumed: use x6,
3BA029,3B9A70,"movzx eax, byte ptr [rip + 0x7b0c15]",consume,0,consumed: use x6,
3BA348,3B9A70,"movzx eax, byte ptr [rip + 0x7b08f6]",consume,0,consumed: use x6,
3BA67B,3B9A70,"movzx eax, byte ptr [rip + 0x7b05c3]",consume,0,consumed: use x6,
3BA963,3B9A70,"movzx eax, byte ptr [rip + 0x7b02db]",consume,0,consumed: use x6,
3BAC3E,3B9A70,"movzx eax, byte ptr [rip + 0x7b0000]",consume,0,consumed: use x6,
3BAF1E,3B9A70,"movzx eax, byte ptr [rip + 0x7afd20]",consume,0,consumed: use x6,
3BB199,3B9A70,"movzx eax, byte ptr [rip + 0x7afaa5]",consume,0,consumed: use x6,
3BB45B,3B9A70,"movzx eax, byte ptr [rip + 0x7af7e3]",consume,0,consumed: use x6,
3BC327,3BC300,"movzx eax, byte ptr [rip + 0x7ae917]",consume,0,consumed: use x1,
3BC412,3BC300,"movzx eax, byte ptr [rip + 0x7ae82c]",consume,0,consumed: use x1,
3BC763,3BC710,"movzx eax, byte ptr [rip + 0x7ae4db]",consume,0,consumed: use x6,
3BD89A,3BD890,"movzx eax, byte ptr [rip + 0x7ad3a4]",consume,0,consumed: use x6,
3BDCF4,3BDCB0,"movzx eax, byte ptr [rip + 0x7acf4a]",consume,0,consumed: use x1,
3BE20C,3BDCB0,"movzx eax, byte ptr [rip + 0x7aca32]",consume,0,consumed: use x1,
3BE815,3BE480,"movzx eax, byte ptr [rip + 0x7ac429]",consume,0,consumed: use x6,
3BE9BF,3BE8F0,"movzx eax, byte ptr [rip + 0x7ac27f]",consume,0,consumed: use x6,
3BECC6,3BEB40,"movzx eax, byte ptr [rip + 0x7abf78]",consume,0,consumed: use x6,
3BEF17,3BEEE0,"movzx eax, byte ptr [rip + 0x7abd27]",consume,0,consumed: use x6,
3BFBA4,3BEEE0,"movzx eax, byte ptr [rip + 0x7ab09a]",consume,0,consumed: use x6,
3BFECF,3BFEC0,"movzx eax, byte ptr [rip + 0x7aad6f]",consume,0,consumed: use x6,
3C006C,3BFEC0,"movzx eax, byte ptr [rip + 0x7aabd2]",consume,0,consumed: use x6,
3C034A,3C0340,"movzx eax, byte ptr [rip + 0x7aa8f4]",consume,0,consumed: use x6,
3C05D6,3C05C0,"movzx eax, byte ptr [rip + 0x7aa668]",consume,0,consumed: use x7,
3C0B29,3C05C0,"movzx eax, byte ptr [rip + 0x7aa115]",consume,0,consumed: use x6,
3C0DB8,3C0DA0,"movzx eax, byte ptr [rip + 0x7a9e86]",consume,0,consumed: use x6,
3C1021,3C1010,"movzx eax, byte ptr [rip + 0x7a9c1d]",consume,0,consumed: use x6,
3C1DCA,3C1A80,"movzx ecx, byte ptr [rip + 0x7a8e74]",consume,0,consumed: use x6,
3C210C,3C20E0,"movzx eax, byte ptr [rip + 0x7a8b32]",consume,0,consumed: use x8,
3C22D3,3C20E0,"movzx eax, byte ptr [rip + 0x7a896b]",consume,0,consumed: use x6,
3C22FD,3C20E0,"movzx eax, byte ptr [rip + 0x7a8941]",consume,0,consumed: use x6,
3C244E,3C2430,"movzx eax, byte ptr [rip + 0x7a87f0]",consume,0,consumed: use x8,
3C288F,3C2430,"movzx eax, byte ptr [rip + 0x7a83af]",consume,0,consumed: use x8,
3C28B5,3C2430,"movzx eax, byte ptr [rip + 0x7a8389]",consume,0,consumed: use x6,
3C2EAF,3C2E80,"movzx eax, byte ptr [rip + 0x7a7d8f]",consume,0,consumed: use x7,
3C330D,3C2E80,"movzx eax, byte ptr [rip + 0x7a7931]",consume,0,consumed: use x6,
3C333F,3C2E80,"movzx eax, byte ptr [rip + 0x7a78ff]",consume,0,consumed: use x6,
3C3389,3C2E80,"movzx eax, byte ptr [rip + 0x7a78b5]",consume,0,consumed: use x6,
3C373F,3C3660,"movzx eax, byte ptr [rip + 0x7a74ff]",consume,0,consumed: use x6,
3C378E,3C3660,"movzx eax, byte ptr [rip + 0x7a74b0]",consume,0,consumed: use x6,
3C3A5F,3C38C0,"movzx eax, byte ptr [rip + 0x7a71df]",consume,0,consumed: use x6,
3C3FC9,3C3C70,"movzx eax, byte ptr [rip + 0x7a6c75]",consume,0,consumed: use x8,
3C3FF5,3C3C70,"movzx eax, byte ptr [rip + 0x7a6c49]",consume,0,consumed: use x8,
3C4064,3C3C70,"movzx eax, byte ptr [rip + 0x7a6bda]",consume,0,consumed: use x6,
3C409A,3C3C70,"movzx eax, byte ptr [rip + 0x7a6ba4]",consume,0,consumed: use x6,
3C47F6,3C43C0,"movzx eax, byte ptr [rip + 0x7a6448]",consume,0,consumed: use x7,
3C482F,3C43C0,"movzx eax, byte ptr [rip + 0x7a640f]",consume,0,consumed: use x6,
3C484C,3C43C0,"movzx eax, byte ptr [rip + 0x7a63f2]",consume,0,consumed: use x8,
3C488C,3C43C0,"movzx eax, byte ptr [rip + 0x7a63b2]",consume,0,consumed: use x6,
3C48F7,3C43C0,"movzx eax, byte ptr [rip + 0x7a6347]",consume,0,consumed: use x6,
3C4FB0,3C4D90,"movzx eax, byte ptr [rip + 0x7a5c8e]",consume,0,consumed: use x7,
3C4FE9,3C4D90,"movzx eax, byte ptr [rip + 0x7a5c55]",consume,0,consumed: use x6,
3C5006,3C4D90,"movzx eax, byte ptr [rip + 0x7a5c38]",consume,0,consumed: use x8,
3C503D,3C4D90,"movzx eax, byte ptr [rip + 0x7a5c01]",consume,0,consumed: use x6,
3C5077,3C4D90,"movzx eax, byte ptr [rip + 0x7a5bc7]",consume,0,consumed: use x6,
3C535A,3C5350,"movzx eax, byte ptr [rip + 0x7a58e4]",consume,0,consumed: use x1,
3C568C,3C5350,"movzx eax, byte ptr [rip + 0x7a55b2]",consume,0,consumed: use x1,
3C57DB,3C57A0,"movzx eax, byte ptr [rip + 0x7a5463]",consume,0,consumed: use x8,
3C5AD0,3C57A0,"movzx eax, byte ptr [rip + 0x7a516e]",consume,0,consumed: use x6,
3C5DAF,3C57A0,"movzx eax, byte ptr [rip + 0x7a4e8f]",consume,0,consumed: use x6,
3C5FA6,3C5EA0,"movzx ecx, byte ptr [rip + 0x7a4c98]",consume,0,consumed: use x6,
3C608A,3C6080,"movzx eax, byte ptr [rip + 0x7a4bb4]",consume,0,consumed: use x1,
3C6710,000000,"movzx eax, byte ptr [rip + 0x7a452e]",consume,0,consumed: use x1,no Ghidra function: straight-line capstone trace
3C6756,3C6750,"movzx eax, byte ptr [rip + 0x7a44e8]",consume,0,consumed: use x6,
3C71EA,3C70C0,"movzx eax, byte ptr [rip + 0x7a3a54]",consume,0,consumed: use x6,
3C73B6,3C73B0,"movzx eax, byte ptr [rip + 0x7a3888]",consume,0,consumed: use x6,
3C7486,3C7480,"movzx eax, byte ptr [rip + 0x7a37b8]",consume,0,consumed: use x6,
3C7596,3C7590,"movzx eax, byte ptr [rip + 0x7a36a8]",consume,0,consumed: use x1,
3C77B6,3C77B0,"movzx eax, byte ptr [rip + 0x7a3488]",consume,0,consumed: use x6,
3C78A2,3C7880,"movzx eax, byte ptr [rip + 0x7a339c]",consume,0,consumed: use x7,
3C8091,3C7880,"movzx eax, byte ptr [rip + 0x7a2bad]",consume,0,consumed: use x6,
3C84F2,3C84B0,"movzx eax, byte ptr [rip + 0x7a274c]",consume,0,consumed: use x1,
3C9BF8,3C9940,"movzx eax, byte ptr [rip + 0x7a1046]",consume,0,consumed: use x7,
3C9C31,3C9940,"movzx eax, byte ptr [rip + 0x7a100d]",consume,0,consumed: use x6,
3C9C4E,3C9940,"movzx eax, byte ptr [rip + 0x7a0ff0]",consume,0,consumed: use x8,
3C9C8E,3C9940,"movzx eax, byte ptr [rip + 0x7a0fb0]",consume,0,consumed: use x6,
3C9CD5,3C9940,"movzx eax, byte ptr [rip + 0x7a0f69]",consume,0,consumed: use x6,
3CA352,3CA320,"movzx eax, byte ptr [rip + 0x7a08ec]",consume,0,consumed: use x1,
3CA72C,3CA320,"movzx eax, byte ptr [rip + 0x7a0512]",consume,0,consumed: use x1,
3CC27F,3CC270,"movzx eax, byte ptr [rip + 0x79e9bf]",consume,0,consumed: use x6,
3FB48B,3FB410,"movzx eax, byte ptr [rip + 0x76f7b3]",consume,0,consumed: ,
400B56,400A50,"cmp byte ptr [rip + 0x76a0e8], 2",consume,0,consumed: use x3,
407BAB,407B00,"movzx eax, byte ptr [rip + 0x763093]",consume,0,consumed: use x3,
407D46,407C60,"movzx eax, byte ptr [rip + 0x762ef8]",consume,0,consumed: use x1,
40905A,409030,"mov byte ptr [rip + 0x761be4], 2",write,1,writes 2,
414825,4147F0,"mov byte ptr [rip + 0x756419], 2",write,1,writes 2,
415C0E,415B30,"mov byte ptr [rip + 0x755030], 1",write,1,writes 1,
43715B,437130,"movzx ecx, byte ptr [rip + 0x733ae3]",consume,0,consumed: use x2,
4376E8,4376C0,"movzx ecx, byte ptr [rip + 0x733556]",consume,0,consumed: use x2,
4680B8,468070,"movzx r9d, byte ptr [rip + 0x702b85]",consume,0,consumed: use x4,
46845C,468420,"movzx eax, byte ptr [rip + 0x7027e2]",consume,0,consumed: use x6,
468774,468750,"movzx edx, byte ptr [rip + 0x7024ca]",consume,0,consumed: use x4,
468ABF,468AA0,"movzx r8d, byte ptr [rip + 0x70217e]",consume,0,consumed: use x4,
468D56,468D10,"movzx eax, byte ptr [rip + 0x701ee8]",consume,0,consumed: use x6,
46B761,46B36F,"movzx eax, byte ptr [rip + 0x6ff4dd]",consume,0,consumed: use x1,no Ghidra function: straight-line capstone trace
475BF0,000000,"cmp byte ptr [rip + 0x6f504e], 1",consume,0,consumed: use x1,no Ghidra function: straight-line capstone trace
4769E3,4763F0,"movzx eax, byte ptr [rip + 0x6f425b]",consume,0,consumed: ,
476A9B,4763F0,"movzx eax, byte ptr [rip + 0x6f41a3]",consume,0,consumed: ,
4790C3,478EF0,"movzx eax, byte ptr [rip + 0x6f1b7b]",consume,0,consumed: use x1,
479196,478EF0,"movzx eax, byte ptr [rip + 0x6f1aa8]",consume,0,consumed: use x1,
47946E,478EF0,"movzx eax, byte ptr [rip + 0x6f17d0]",consume,0,consumed: use x1,
4799C2,4797A0,"movzx eax, byte ptr [rip + 0x6f127c]",consume,0,consumed: use x1,
47A61F,47A3A0,"movzx eax, byte ptr [rip + 0x6f061f]",consume,0,consumed: use x1,
47A757,47A3A0,"movzx eax, byte ptr [rip + 0x6f04e7]",consume,0,consumed: use x1,
47AA25,47A575,"movzx eax, byte ptr [rip + 0x6f0219]",consume,0,consumed: use x1,no Ghidra function: straight-line capstone trace
47AA8B,47A575,"movzx eax, byte ptr [rip + 0x6f01b3]",consume,0,consumed: use x1,no Ghidra function: straight-line capstone trace
47AAE0,47A575,"movzx eax, byte ptr [rip + 0x6f015e]",consume,0,consumed: use x1,no Ghidra function: straight-line capstone trace
47AC74,47A575,"movzx eax, byte ptr [rip + 0x6effca]",consume,0,consumed: use x1,no Ghidra function: straight-line capstone trace
47AE05,47A3A0,"movzx eax, byte ptr [rip + 0x6efe39]",consume,0,consumed: use x1,
47BCD0,47BAE0,"movzx eax, byte ptr [rip + 0x6eef6e]",consume,0,consumed: use x1,
47BD84,47BAE0,"movzx eax, byte ptr [rip + 0x6eeeba]",consume,0,consumed: use x1,
47BF0C,47BEC8,"movzx eax, byte ptr [rip + 0x6eed32]",consume,0,consumed: use x1,no Ghidra function: straight-line capstone trace
47BF7B,47BF2C,"movzx eax, byte ptr [rip + 0x6eecc3]",consume,0,consumed: use x1,no Ghidra function: straight-line capstone trace
47BFEF,47BFEF,"movzx eax, byte ptr [rip + 0x6eec4f]",consume,0,consumed: use x1,no Ghidra function: straight-line capstone trace
47C167,47BAE0,"movzx eax, byte ptr [rip + 0x6eead7]",consume,0,consumed: use x1,
47D062,47D062,"movzx eax, byte ptr [rip + 0x6edbdc]",consume,0,consumed: use x1,no Ghidra function: straight-line capstone trace
47E1BF,47E1BF,"movzx eax, byte ptr [rip + 0x6eca7f]",consume,0,consumed: use x1,no Ghidra function: straight-line capstone trace
481836,481810,"movzx eax, byte ptr [rip + 0x6e9408]",consume,0,consumed: use x8,
481906,4818E0,"movzx eax, byte ptr [rip + 0x6e9338]",consume,0,consumed: use x8,
482A40,4829A0,"movzx eax, byte ptr [rip + 0x6e81fe]",consume,0,consumed: use x6,
482A79,4829A0,"movzx eax, byte ptr [rip + 0x6e81c5]",consume,0,consumed: use x12,
482AB9,4829A0,"movzx eax, byte ptr [rip + 0x6e8185]",consume,0,consumed: use x6,
482ADD,4829A0,"movzx ecx, byte ptr [rip + 0x6e8161]",consume,0,consumed: use x6,
482C58,482B40,"movzx eax, byte ptr [rip + 0x6e7fe6]",consume,0,consumed: use x6,
482FC2,482B40,"movzx eax, byte ptr [rip + 0x6e7c7c]",consume,0,consumed: use x6,
48303D,482B40,"movzx eax, byte ptr [rip + 0x6e7c01]",consume,0,consumed: use x6,
4830B4,482B40,"movzx eax, byte ptr [rip + 0x6e7b8a]",consume,0,consumed: use x6,
483108,482B40,"movzx eax, byte ptr [rip + 0x6e7b36]",consume,0,consumed: use x6,
483153,482B40,"movzx ecx, byte ptr [rip + 0x6e7aeb]",consume,0,consumed: use x6,
4948E1,494490,"mov byte ptr [rip + 0x6d635d], 2",write,1,writes 2,
4B5C92,4B5B20,"mov byte ptr [rip + 0x6b4fac], 2",write,1,writes 2,
4B6488,4B63B0,"cmp byte ptr [rip + 0x6b47b6], 1",consume,0,consumed: use x3,
4B6684,4B63B0,"movzx eax, byte ptr [rip + 0x6b45ba]",consume,0,consumed: use x3,
4B6708,4B63B0,"cmp byte ptr [rip + 0x6b4536], 1",consume,0,consumed: use x3,
4B9C89,4B9C80,"cmp byte ptr [rip + 0x6b0fb5], 1",consume,0,consumed: use x3,
4BA11D,4BA080,"cmp byte ptr [rip + 0x6b0b21], 1",consume,0,consumed: use x1,
5FE4F7,5FE4F0,"mov byte ptr [rip + 0x56c748], al",restore,1,"restores the value loaded from INT_ADD(in:(register, 0x8, 8),cd8) at 5FE4F0",
5FE5ED,5FE540,"mov byte ptr [rip + 0x56c651], 1",write,1,writes 1,
5FF8B8,5FF830,"mov byte ptr [rip + 0x56b386], 2",write,1,writes 2,
6033A1,603190,"mov byte ptr [rip + 0x56789d], 2",write,1,writes 2,
605B8B,6059A0,"mov byte ptr [rip + 0x5650b3], 2",write,1,writes 2,
605BBC,6059A0,"mov byte ptr [rip + 0x565082], 1",write,1,writes 1,
608F4E,608F20,"mov byte ptr [rip + 0x561cf0], 2",write,1,writes 2,
6097B7,000000,"mov byte ptr [rip + 0x561487], 1",write,1,writes 1,
6519DC,6518E0,"movzx eax, byte ptr [rip + 0x519262]",consume,0,consumed: use x8,
651A08,6518E0,"movzx eax, byte ptr [rip + 0x519236]",consume,0,consumed: use x8,
651A48,6518E0,"movzx eax, byte ptr [rip + 0x5191f6]",consume,0,consumed: use x6,
651A8F,6518E0,"movzx eax, byte ptr [rip + 0x5191af]",consume,0,consumed: use x6,
651C3C,651B40,"movzx eax, byte ptr [rip + 0x519002]",consume,0,consumed: use x8,
651C68,651B40,"movzx eax, byte ptr [rip + 0x518fd6]",consume,0,consumed: use x7,
651D04,651B40,"movzx eax, byte ptr [rip + 0x518f3a]",consume,0,consumed: use x6,
651D3A,651B40,"movzx eax, byte ptr [rip + 0x518f04]",consume,0,consumed: use x6,
651E62,651DC0,"movzx eax, byte ptr [rip + 0x518ddc]",consume,0,consumed: use x8,
651E8E,651DC0,"movzx eax, byte ptr [rip + 0x518db0]",consume,0,consumed: use x8,
651ED7,651DC0,"movzx eax, byte ptr [rip + 0x518d67]",consume,0,consumed: use x6,
2BD8AE,2BD880,lea (pointer into the block),pointer,0,stays in its function; no access reaches the mode byte,
3F2CB4,3F2C50,lea (pointer into the block),pointer,0,stays in its function; no access reaches the mode byte,
4919DD,4919B0,lea (pointer into the block),pointer,0,stays in its function; no access reaches the mode byte,
4A4113,4A4100,lea (pointer into the block),pointer,0,consume: r8 left over at a call to one-parameter FUN_180481b20,
4A42DE,4A4280,lea (pointer into the block),pointer,0,consume: r8 left over at a tail jump to one-parameter FUN_1804561d0,
4A4BE5,4A4730,lea (pointer into the block),pointer,0,stays in its function; no access reaches the mode byte,
4A509E,4A5081,lea (pointer into the block),pointer,0,stays in its function; no access reaches the mode byte,
4B541B,4B540F,lea (pointer into the block),pointer,0,consume: out-parameter &main+B6AC28 (8 bytes) for FUN_1801afc90,
4B5465,4B540F,lea (pointer into the block),pointer,0,consume: out-parameter &main+B6AC30 (8 bytes) for FUN_1801afe30,
4B63ED,4B63B0,lea (pointer into the block),pointer,0,consume: limiter callback 4B52B0 reads [&frameCounter+0x25],
4B6869,4B6850,lea (pointer into the block),zero,0,"memset0: memset(&frameCounter, 0, 0x700) at 4B6876",
50B286,50B27B,lea (pointer into the block),pointer,0,stays in its function; no access reaches the mode byte,
50B97A,50B8B0,lea (pointer into the block),pointer,0,stays in its function; no access reaches the mode byte,
66F1A0,000000,lea (pointer into the block),pointer,0,stays in its function; no access reaches the mode byte,
